"id_curso","nome","id_coordenador","coordenador","situacao_curso","nivel_ensino","grau_academico","modalidade_educacao","area_conhecimento","tipo_oferta","turno","tipo_ciclo_formacao","municipio","campus","id_unidade_responsavel","unidade_responsavel","website","data_funcionamento","codigo_inep","dou","portaria_reconhecimento","convenio_academico"
414112,"ADMINISTRAÃ‡ÃƒO",15381,"Bigoloti Carrelo Coenga","ATIVO",NULL,"Bacharel","Presencial","CiÃªncias Sociais Aplicadas","Semestral","Matutino e Vespertino","Um ciclo","BRASÃLIA","DARCY RIBEIRO",327,"DEPTO ADMINISTRAÃ‡ÃƒO","","2018-07-18","145","2017-04-04","271",NULL
414099,"ADMINISTRAÃ‡ÃƒO",12869,"Schult Barbirato Deliberali","ATIVO",NULL,"Bacharel","Presencial","CiÃªncias Sociais Aplicadas","Semestral","Noturno","Um ciclo","BRASÃLIA","DARCY RIBEIRO",327,"DEPTO ADMINISTRAÃ‡ÃƒO","","2018-07-18","145","2017-04-04","271",NULL
414196,"AGRONOMIA",10463,"FreimÃ¼ller Shimada","ATIVO",NULL,"Engenheiro AgrÃ´nomo","Presencial","CiÃªncias AgrÃ¡rias","Semestral","Matutino e Vespertino","Um ciclo","BRASÃLIA","DARCY RIBEIRO",363,"FACULDADE DE AGRONOMIA E MEDICINA VETERINÃRIA","","2017-12-26","135","1976-03-30","077346",NULL
414181,"ARQUITETURA E URBANISMO",5593,"Kudriavtzeva Pralon Labato KlÃ´h","ATIVO",NULL,"Arquiteto e Urbanista","Presencial","Outra","Semestral","Noturno","Um ciclo","BRASÃLIA","DARCY RIBEIRO",353,"FACULDADE DE ARQUITETURA E URBANISMO","","2016-03-02","1138293","2015-10-30","815",NULL
414180,"ARQUITETURA E URBANISMO",1138,"Neponucena Lucacin Orou","ATIVO",NULL,"Arquiteto e Urbanista","Presencial","CiÃªncias Sociais Aplicadas","Semestral","Matutino e Vespertino","Um ciclo","BRASÃLIA","DARCY RIBEIRO",353,"FACULDADE DE ARQUITETURA E URBANISMO","","2016-03-02","132","2015-12-30","1096",NULL
414931,"ARQUIVOLOGIA",1370,"ANDRE PORTO ANCONA LOPEZ","ATIVO",NULL,"Bacharel","Presencial","CiÃªncias Sociais Aplicadas","Semestral","Noturno","Um ciclo","BRASÃLIA","DARCY RIBEIRO",674,"FACULDADE DE CIÃŠNCIA DA INFORMAÃ‡ÃƒO","","2006-08-21","157","2011-08-04","309",NULL
414437,"ARTES CÃŠNICAS",8146,"JOSE FERNANDO MARQUES DE FREITAS FILHO","ATIVO",NULL,"Licenciado","Presencial","LingÃ¼Ã­stica, Letras e Artes","Semestral","Matutino e Vespertino","Um ciclo","BRASÃLIA","DARCY RIBEIRO",492,"DEPTO ARTES CÃŠNICAS","","2020-02-19","122200","1980-06-10","371",NULL
702696,"ARTES CÃŠNICAS                                                         ",17198,"Moftakharian Jaconelli","ATIVO",NULL,"Licenciado","Presencial","LingÃ¼Ã­stica, Letras e Artes","Semestral","Noturno","Um ciclo","BRASÃLIA","DARCY RIBEIRO",492,"DEPTO ARTES CÃŠNICAS",NULL,"2020-02-19","122198","1980-06-10","371",NULL
414436,"ARTES CÃŠNICAS - INTERPRETAÃ‡ÃƒO TEATRAL",5262,"Watervliet Cansian Incote","ATIVO",NULL,"Bacharel","Presencial","LingÃ¼Ã­stica, Letras e Artes","Semestral","Matutino e Vespertino","Um ciclo","BRASÃLIA","DARCY RIBEIRO",492,"DEPTO ARTES CÃŠNICAS","","2019-08-05","22851","2017-08-07","846",NULL
414552,"ARTES VISUAIS",18559,"Jesirlene Dinisia Sgaravato","ATIVO",NULL,"Bacharel","Presencial","LingÃ¼Ã­stica, Letras e Artes","Semestral","Matutino e Vespertino","Um ciclo","BRASÃLIA","DARCY RIBEIRO",498,"DEPTO ARTES VISUAIS","","2013-12-18","300151","2013-11-28","626",NULL
434774,"ARTES VISUAIS",11209,"Eissmann Bonsaver","ATIVO",NULL,"Licenciado","A DistÃ¢ncia","LingÃ¼Ã­stica, Letras e Artes","Semestral","Matutino e Vespertino","Um ciclo","BRASÃLIA","DARCY RIBEIRO",485,"INSTITUTO DE ARTES","","2013-08-12","112158","2013-05-23","227",NULL
414544,"ARTES VISUAIS",9995,"Glorimar Mancin Magarelli AnunciaÃ§Ã£o","ATIVO",NULL,"Licenciado","Presencial","LingÃ¼Ã­stica, Letras e Artes","Semestral","Matutino e Vespertino","Um ciclo","BRASÃLIA","DARCY RIBEIRO",498,"DEPTO ARTES VISUAIS","","2019-08-05","151","1980-06-10","371",NULL
414551,"ARTES VISUAIS",17210,"CHRISTUS MENEZES DA NOBREGA","ATIVO",NULL,"Licenciado","Presencial","LingÃ¼Ã­stica, Letras e Artes","Semestral","Noturno","Um ciclo","BRASÃLIA","DARCY RIBEIRO",498,"DEPTO ARTES VISUAIS","","2019-08-05","52159","1980-06-10","371",NULL
414553,"ARTES VISUAIS",9995,"Glorimar Mancin Magarelli AnunciaÃ§Ã£o","ATIVO",NULL,"Licenciado","Presencial","LingÃ¼Ã­stica, Letras e Artes","Semestral","Matutino e Vespertino","Um ciclo","BRASÃLIA","DARCY RIBEIRO",498,"DEPTO ARTES VISUAIS","","2016-08-05","151","2015-12-30","1096",NULL
414940,"BIBLIOTECONOMIA",17382,"Francikarla Sangy Pezzuol","ATIVO",NULL,"Bacharel","Presencial","CiÃªncias Sociais Aplicadas","Semestral","Matutino e Vespertino","Um ciclo","BRASÃLIA","DARCY RIBEIRO",674,"FACULDADE DE CIÃŠNCIA DA INFORMAÃ‡ÃƒO","","2011-08-11","146","2011-08-04","311",NULL
414371,"BIOTECNOLOGIA",17079,"Lavignia Norona Tango Scheunemam","ATIVO",NULL,"Bacharel","Presencial","CiÃªncias BiolÃ³gicas","Semestral","Matutino e Vespertino","Um ciclo","BRASÃLIA","DARCY RIBEIRO",455,"INSTITUTO DE CIÃŠNCIAS BIOLÃ“GICAS","","2015-07-29","1173351","2007-12-13","40",NULL
414599,"CIÃŠNCIA DA COMPUTAÃ‡ÃƒO",10474,"MARCELO GRANDI MANDELLI","ATIVO",NULL,"Bacharel","Presencial","CiÃªncias Exatas e da Terra","Semestral","Matutino e Vespertino","Um ciclo","BRASÃLIA","DARCY RIBEIRO",508,"DEPTO CIÃŠNCIAS DA COMPUTAÃ‡ÃƒO","","2015-12-14","127","2015-12-30","1096",NULL
414892,"CIÃŠNCIA POLÃTICA",3851,"DENILSON BANDEIRA COELHO","ATIVO",NULL,"Bacharel","Presencial","CiÃªncias Humanas","Semestral","Matutino e Vespertino","Um ciclo","BRASÃLIA","DARCY RIBEIRO",668,"INSTITUTO DE CIÃŠNCIA POLÃTICA","","2006-08-21","156","2013-11-28","000059",NULL
414667,"CIÃŠNCIAS AMBIENTAIS",4193,"EDILSON DE SOUZA BIAS","ATIVO",NULL,"Bacharel","Presencial","CiÃªncias Sociais Aplicadas","Semestral","Noturno","Um ciclo","BRASÃLIA","DARCY RIBEIRO",533,"INSTITUTO DE GEOCIÃŠNCIAS","","2014-08-04","122202","2014-07-03","365",NULL
414391,"CIÃŠNCIAS BIOLÃ“GICAS",15122,"Francistonia Wolfgram Gravena MÃ©szeth Joselia","ATIVO",NULL,"Bacharel","Presencial","CiÃªncias BiolÃ³gicas","Semestral","Matutino e Vespertino","Um ciclo","BRASÃLIA","DARCY RIBEIRO",455,"INSTITUTO DE CIÃŠNCIAS BIOLÃ“GICAS","","2017-07-24","44382","2017-08-07","846",NULL
414392,"CIÃŠNCIAS BIOLÃ“GICAS",12935,"Ravaglia Massicano Halushuk","ATIVO",NULL,"Licenciado","Presencial","CiÃªncias BiolÃ³gicas","Semestral","Noturno","Um ciclo","BRASÃLIA","DARCY RIBEIRO",455,"INSTITUTO DE CIÃŠNCIAS BIOLÃ“GICAS","","2015-12-14","160","2007-12-13","40",NULL
414393,"CIÃŠNCIAS BIOLÃ“GICAS",NULL,NULL,"INATIVO",NULL,"Licenciado","A DistÃ¢ncia","CiÃªncias BiolÃ³gicas","Semestral","Matutino e Vespertino","Um ciclo","BRASÃLIA","DARCY RIBEIRO",455,"INSTITUTO DE CIÃŠNCIAS BIOLÃ“GICAS","","2013-12-18","101550","2014-04-14","231",NULL
414130,"CIÃŠNCIAS CONTÃBEIS",31617,"Kanheski Simari Para-Assu","ATIVO",NULL,"Bacharel","Presencial","CiÃªncias Sociais Aplicadas","Semestral","Matutino e Vespertino","Um ciclo","BRASÃLIA","DARCY RIBEIRO",333,"DEPTO CIÃŠNCIAS CONTÃBEIS ATUARIAIS","","2017-07-24","149","2017-04-04","271",NULL
414131,"CIÃŠNCIAS CONTÃBEIS",8234,"Abatti Omizzollo Cidiclei","ATIVO",NULL,"Bacharel","Presencial","CiÃªncias Sociais Aplicadas","Semestral","Noturno","Um ciclo","BRASÃLIA","DARCY RIBEIRO",333,"DEPTO CIÃŠNCIAS CONTÃBEIS ATUARIAIS","","2017-07-24","167","2017-04-04","271",NULL
414699,"CIÃŠNCIAS ECONÃ”MICAS",3579,"Roserlei Nfuny Tiezzi","ATIVO",NULL,"Bacharel","Presencial","CiÃªncias Sociais Aplicadas","Semestral","Matutino e Vespertino","Um ciclo","BRASÃLIA","DARCY RIBEIRO",548,"DEPTO ECONOMIA","","2017-07-24","122","2017-04-04","271",NULL
702703,"CIÃŠNCIAS NATURAIS                                                     ",15816,"Rediguieri Raqueline Ertal","ATIVO",NULL,"Licenciado","Presencial","Outra","Semestral","Noturno","Um ciclo","BRASÃLIA","FACULDADE DE PLANALTINA",666,"FACULDADE DE PLANALTINA",NULL,"2020-02-19","92267","2016-07-11","301",NULL
702702,"CIÃŠNCIAS NATURAIS                                                     ",3658,"DANILO ARRUDA FURTADO","ATIVO",NULL,"Licenciado","Presencial","Outra","Semestral","Matutino e Vespertino","Um ciclo","BRASÃLIA","FACULDADE DE PLANALTINA",666,"FACULDADE DE PLANALTINA",NULL,"2020-02-19","112790","2013-10-16","517",NULL
414404,"CIÃŠNCIAS SOCIAIS",3479,"Andrews Sartoratto","ATIVO",NULL,"Bacharel","Presencial","CiÃªncias Sociais Aplicadas","Semestral","Matutino e Vespertino","Um ciclo","BRASÃLIA","DARCY RIBEIRO",479,"DEPARTAMENTO DE ESTUDOS LATINO AMERICANO","","2019-03-06","33204","2017-08-07","846",NULL
702695,"CIÃŠNCIAS SOCIAIS                                                      ",4778,"EMERSON FERREIRA ROCHA","ATIVO",NULL,"Licenciado","Presencial","Outra","Semestral","Matutino e Vespertino","Um ciclo","BRASÃLIA","DARCY RIBEIRO",483,"DEPARTAMENTO DE SOCIOLOGIA",NULL,"2020-02-19","44418","2017-08-07","848",NULL
414407,"CIÃŠNCIAS SOCIAIS - ANTROPOLOGIA",15396,"Knust Ferezim Baasch Ferrareis","ATIVO",NULL,"Bacharel","Presencial","CiÃªncias Humanas","Semestral","Matutino e Vespertino","Um ciclo","BRASÃLIA","DARCY RIBEIRO",481,"DEPTO ANTROPOLOGIA","dan@unb.br ou departamentodeantropologia@unb.br (Site: www.dan.unb.br)","1997-07-28","34983","1972-11-10","071346",NULL
414425,"CIÃŠNCIAS SOCIAIS - SOCIOLOGIA",NULL,NULL,"ATIVO",NULL,"Bacharel","Presencial","CiÃªncias Sociais Aplicadas","Semestral","Matutino e Vespertino","Um ciclo","BRASÃLIA","DARCY RIBEIRO",483,"DEPARTAMENTO DE SOCIOLOGIA","","2012-01-02","29692","2011-09-20","382",NULL
414608,"COMPUTAÃ‡ÃƒO",16860,"WILSON HENRIQUE VENEZIANO","ATIVO",NULL,"Licenciado","Presencial","CiÃªncias Exatas e da Terra","Semestral","Noturno","Um ciclo","BRASÃLIA","DARCY RIBEIRO",508,"DEPTO CIÃŠNCIAS DA COMPUTAÃ‡ÃƒO","","2015-12-14","18032","2015-12-30","1096",NULL
414151,"COMUNICAÃ‡ÃƒO SOCIAL - AUDIOVISUAL",17896,"PABLO GONCALO PIRES DE CAMPOS MARTINS","ATIVO",NULL,"Bacharel","Presencial","CiÃªncias Sociais Aplicadas","Semestral","Matutino e Vespertino","Um ciclo","BRASÃLIA","DARCY RIBEIRO",351,"DEPTO AUDIOVISUAIS E PUBLICIDADE","","2013-08-12","70638","2013-10-17","522",NULL
414137,"COMUNICAÃ‡ÃƒO SOCIAL - COMUNICAÃ‡ÃƒO ORGANIZACIONAL",17642,"Adilai Basilio Pollig","ATIVO",NULL,"Bacharel","Presencial","CiÃªncias Sociais Aplicadas","Semestral","Noturno","Um ciclo","BRASÃLIA","DARCY RIBEIRO",345,"DEPTO DE COMUNICACAO ORGANIZACIONAL","","2010-02-28","1140062","2015-04-16","299",NULL
414164,"COMUNICAÃ‡ÃƒO SOCIAL - JORNALISMO",3734,"DAVID RENAULT DA SILVA","ATIVO",NULL,"Bacharel","Presencial","CiÃªncias Sociais Aplicadas","Semestral","Matutino e Vespertino","Um ciclo","BRASÃLIA","DARCY RIBEIRO",352,"DEPTO JORNALISMO","","2006-08-21","34642","2013-12-19","706",NULL
414162,"COMUNICAÃ‡ÃƒO SOCIAL - JORNALISMO",3734,"DAVID RENAULT DA SILVA","ATIVO",NULL,"Bacharel","Presencial","CiÃªncias Sociais Aplicadas","Semestral","Matutino e Vespertino","Um ciclo","BRASÃLIA","DARCY RIBEIRO",352,"DEPTO JORNALISMO","","2016-08-05","34642","2013-12-19","706",NULL
414156,"COMUNICAÃ‡ÃƒO SOCIAL - PUBLICIDADE E PROPAGANDA",16630,"Rossignoli Gommou Mirandava","ATIVO",NULL,"Bacharel","Presencial","CiÃªncias Sociais Aplicadas","Semestral","Matutino e Vespertino","Um ciclo","BRASÃLIA","DARCY RIBEIRO",351,"DEPTO AUDIOVISUAIS E PUBLICIDADE","","2017-07-24","31381","2017-04-04","271",NULL
414966,"DESENHO INDUSTRIAL - PROGRAMAÃ‡ÃƒO VISUAL",NULL,NULL,"ATIVO",NULL,"Bacharel","Presencial","CiÃªncias Sociais Aplicadas","Semestral","Matutino e Vespertino","Um ciclo","BRASÃLIA","DARCY RIBEIRO",660,"DEPARTAMENTO DE DESIGN (11.01.01.14.04)",NULL,"2006-08-21","34992","1998-09-28","001094",NULL
414970,"DESIGN - PROGRAMAÃ‡ÃƒO VISUAL",969,"Belisse Jucksch Sulek","ATIVO",NULL,"Bacharel","Presencial","CiÃªncias Sociais Aplicadas","Semestral","Matutino e Vespertino","Um ciclo","BRASÃLIA","DARCY RIBEIRO",660,"DEPARTAMENTO DE DESIGN (11.01.01.14.04)",NULL,"2017-07-24","34992","2017-04-04","271",NULL
414971,"DESIGN - PROJETO DO PRODUTO",19788,"GABRIEL LYRA CHAVES","ATIVO",NULL,"Bacharel","Presencial","CiÃªncias Sociais Aplicadas","Semestral","Matutino e Vespertino","Um ciclo","BRASÃLIA","DARCY RIBEIRO",660,"DEPARTAMENTO DE DESIGN (11.01.01.14.04)",NULL,"2017-07-24","26978","2017-04-04","271",NULL
414220,"DIREITO",4100,"DOUGLAS ANTONIO ROCHA PINHEIRO","ATIVO",NULL,"Bacharel","Presencial","CiÃªncias Sociais Aplicadas","Semestral","Matutino e Vespertino","Um ciclo","BRASÃLIA","DARCY RIBEIRO",370,"FACULDADE DE DIREITO","","2017-07-24","148","2017-07-24","764",NULL
414221,"DIREITO",6985,"Carllay Tanji Bombim","ATIVO",NULL,"Bacharel","Presencial","CiÃªncias Sociais Aplicadas","Semestral","Noturno","Um ciclo","BRASÃLIA","DARCY RIBEIRO",370,"FACULDADE DE DIREITO","","2017-07-24","165","2017-07-24","763",NULL
414453,"EDUCAÃ‡ÃƒO ARTÃSTICA - MÃšSICA",NULL,NULL,"INATIVO",NULL,"Licenciado","Presencial","LingÃ¼Ã­stica, Letras e Artes","Semestral","Matutino e Vespertino","Um ciclo","BRASÃLIA","DARCY RIBEIRO",495,"DEPTO MÃšSICA","","2006-08-21","27860","1980-06-10","000371",NULL
414881,"EDUCAÃ‡ÃƒO DO CAMPO - CIÃŠNCIAS DA NATUREZA",5270,"FELIPE CANOVA GONCALVES","ATIVO",NULL,"Licenciado","Presencial","CiÃªncias Humanas","Semestral","Matutino e Vespertino","Um ciclo","BRASÃLIA","FACULDADE DE PLANALTINA",666,"FACULDADE DE PLANALTINA","","2015-03-02","112176","2016-07-11","301",NULL
414882,"EDUCAÃ‡ÃƒO DO CAMPO - CIÃŠNCIAS DA NATUREZA E MATEMÃTICA",5270,"FELIPE CANOVA GONCALVES","ATIVO",NULL,"Licenciado","Presencial","CiÃªncias Humanas","Semestral","Matutino e Vespertino","Um ciclo","BRASÃLIA","FACULDADE DE PLANALTINA",666,"FACULDADE DE PLANALTINA","","2007-08-27","112176","2007-12-13","40",NULL
414885,"EDUCAÃ‡ÃƒO DO CAMPO - LINGUAGENS, ARTES E LITERATURA",5270,"FELIPE CANOVA GONCALVES","ATIVO",NULL,"Licenciado","Presencial","CiÃªncias Humanas","Semestral","Matutino e Vespertino","Um ciclo","BRASÃLIA","FACULDADE DE PLANALTINA",666,"FACULDADE DE PLANALTINA","","2016-08-05","112176","2016-07-11","301",NULL
414886,"EDUCAÃ‡ÃƒO DO CAMPO - MATEMÃTICA",5270,"FELIPE CANOVA GONCALVES","ATIVO",NULL,"Licenciado","Presencial","Outra","Semestral","Matutino e Vespertino","Um ciclo","BRASÃLIA","FACULDADE DE PLANALTINA",666,"FACULDADE DE PLANALTINA","","2015-03-02","112176","2016-07-11","301",NULL
414275,"EDUCAÃ‡ÃƒO FÃSICA",890,"Eurivaldo Laurencia Zanetini Desclov Urani","ATIVO",NULL,"Licenciado","A DistÃ¢ncia","Outra","Semestral","Matutino e Vespertino","Um ciclo","BRASÃLIA","DARCY RIBEIRO",393,"FACULDADE DE EDUCAÃ‡ÃƒO FÃSICA","","2014-03-03","112160","2013-05-31","244",NULL
414276,"EDUCAÃ‡ÃƒO FÃSICA",14232,"Kassedani Scardoelli Fachinetto","ATIVO",NULL,"Bacharel","Presencial","CiÃªncias da SaÃºde","Semestral","Matutino e Vespertino","Um ciclo","BRASÃLIA","DARCY RIBEIRO",393,"FACULDADE DE EDUCAÃ‡ÃƒO FÃSICA","","2015-12-14","1192413","2015-11-10","866",NULL
414274,"EDUCAÃ‡ÃƒO FÃSICA",NULL,NULL,"ATIVO",NULL,"Licenciado","Presencial","CiÃªncias da SaÃºde","Semestral","Matutino e Vespertino","Um ciclo","BRASÃLIA","DARCY RIBEIRO",393,"FACULDADE DE EDUCAÃ‡ÃƒO FÃSICA","",NULL,"142","2012-12-30","1096",NULL
414295,"ENFERMAGEM",3628,"Gezilda Kunio Lunchinger Panhoca","ATIVO",NULL,"Enfermeiro","Presencial","CiÃªncias da SaÃºde","Semestral","Matutino e Vespertino","Um ciclo","BRASÃLIA","DARCY RIBEIRO",422,"DEPTO ENFERMAGEM","","2014-12-30","143","2015-01-02","822",NULL
414902,"ENFERMAGEM",8466,"Gina Zatoni Florence","ATIVO",NULL,"Enfermeiro","Presencial","CiÃªncias da SaÃºde","Semestral","Matutino e Vespertino","Um ciclo","BRASÃLIA","FACULDADE DE CEILÃ‚NDIA",672,"FACULDADE DE CEILÃ‚NDIA","","2020-02-19","112818","2015-01-02","822",NULL
414915,"ENGENHARIA",9157,"Verhagen Dunningham Mincaroni Stefenoni Policastro","ATIVO",NULL,"Bacharel","Presencial","Outra","Semestral","Matutino e Vespertino","Um ciclo","BRASÃLIA","FACULDADE DO GAMA",673,"FACULDADE DO GAMA","","2008-08-04","5000587","1900-01-01","0",NULL
414916,"ENGENHARIA AEROESPACIAL",30701,"RONNE TOLEDO","ATIVO",NULL,"Bacharel","Presencial","Engenharias","Semestral","Matutino e Vespertino","Um ciclo","BRASÃLIA","FACULDADE DO GAMA",673,"FACULDADE DO GAMA","","2012-03-05","1269978","2007-12-13","40",NULL
414345,"ENGENHARIA AMBIENTAL",16924,"Thaisa Reitter de Bem","ATIVO",NULL,"Engenheiro","Presencial","Engenharias","Semestral","Matutino e Vespertino","Um ciclo","BRASÃLIA","DARCY RIBEIRO",437,"DEPTO ENGENHARIA CIVIL E AMBIENTAL","","2015-12-14","1140035","2015-12-02","932",NULL
414919,"ENGENHARIA AUTOMOTIVA",17485,"Andalecio Bralho Capelletti","ATIVO",NULL,"Bacharel","Presencial","Outra","Semestral","Matutino e Vespertino","Um ciclo","BRASÃLIA","FACULDADE DO GAMA",673,"FACULDADE DO GAMA","","2017-12-26","112889","2018-12-22","23",NULL
414350,"ENGENHARIA CIVIL",9203,"LENILDO SANTOS DA SILVA","ATIVO",NULL,"Engenheiro Civil","Presencial","Engenharias","Semestral","Matutino e Vespertino","Um ciclo","BRASÃLIA","DARCY RIBEIRO",437,"DEPTO ENGENHARIA CIVIL E AMBIENTAL","","2015-12-14","136","2015-12-30","1096",NULL
414610,"ENGENHARIA DE COMPUTAÃ‡ÃƒO",7621,"JOAO JOSE COSTA GONDIM","ATIVO",NULL,"Bacharel","Presencial","CiÃªncias Exatas e da Terra","Semestral","Matutino e Vespertino","Um ciclo","BRASÃLIA","DARCY RIBEIRO",508,"DEPTO CIÃŠNCIAS DA COMPUTAÃ‡ÃƒO","","2015-12-14","122204","2015-12-30","1096",NULL
414922,"ENGENHARIA DE ENERGIA",5271,"FELIPE CHAGAS STORTI","ATIVO",NULL,"Bacharel","Presencial","Engenharias","Semestral","Matutino e Vespertino","Um ciclo","BRASÃLIA","FACULDADE DO GAMA",673,"FACULDADE DO GAMA","","2018-02-26","112872","2016-06-23","211",NULL
414326,"ENGENHARIA DE PRODUÃ‡ÃƒO",11966,"Sperendio Darroite Dorvalina","ATIVO",NULL,"Bacharel","Presencial","Engenharias","Semestral","Noturno","Um ciclo","BRASÃLIA","DARCY RIBEIRO",429,"FACULDADE DE  TECNOLOGIA","","2015-12-14","122206","2015-12-02","932",NULL
414330,"ENGENHARIA DE REDES DE COMUNICAÃ‡ÃƒO",3514,"DANIEL GUERREIRO E SILVA","ATIVO",NULL,"Bacharel","Presencial","Engenharias","Semestral","Matutino e Vespertino","Um ciclo","BRASÃLIA","DARCY RIBEIRO",443,"DEPTO ENGENHARIA ELETRICA","","2016-03-02","18033","2015-12-30","1096",NULL
414924,"ENGENHARIA DE SOFTWARE",16074,"Gesiney Eldin Calanzani Blans Vavassori","ATIVO",NULL,"Bacharel","Presencial","Engenharias","Semestral","Matutino e Vespertino","Um ciclo","BRASÃLIA","FACULDADE DO GAMA",673,"FACULDADE DO GAMA","","2017-02-17","112891","2016-07-11","301",NULL
414360,"ENGENHARIA ELÃ‰TRICA",4404,"EDUARDO PEIXOTO FERNANDES DA SILVA","ATIVO",NULL,"Engenheiro Eletricista","Presencial","Engenharias","Semestral","Matutino e Vespertino","Um ciclo","BRASÃLIA","DARCY RIBEIRO",443,"DEPTO ENGENHARIA ELETRICA","","2019-03-06","137","2015-12-30","1096",NULL
414926,"ENGENHARIA ELETRÃ”NICA",17752,"MARCELINO MONTEIRO DE ANDRADE","ATIVO",NULL,"Bacharel","Presencial","Engenharias","Semestral","Matutino e Vespertino","Um ciclo","BRASÃLIA","FACULDADE DO GAMA",673,"FACULDADE DO GAMA","","2020-02-19","112887","2015-12-30","1096",NULL
414342,"ENGENHARIA FLORESTAL",12088,"Abdelhamid Polastre BiliÃ£o","ATIVO",NULL,"Engenheiro Florestal","Presencial","CiÃªncias AgrÃ¡rias","Semestral","Matutino e Vespertino","Um ciclo","BRASÃLIA","DARCY RIBEIRO",433,"DEPTO ENGENHARIA FLORESTAL","","2016-12-19","139","2016-12-15","795",NULL
414368,"ENGENHARIA MECÃ‚NICA",16027,"THIAGO DE CARVALHO RODRIGUES DOCA","ATIVO",NULL,"Engenheiro MecÃ¢nico","Presencial","Engenharias","Semestral","Matutino e Vespertino","Um ciclo","BRASÃLIA","DARCY RIBEIRO",449,"DEPARTAMENTO DE ENGENHARIA MECANICA","","2015-12-14","138","2015-12-30","1096",NULL
414333,"ENGENHARIA MECATRÃ”NICA - CONTROLE E AUTOMAÃ‡ÃƒO",6648,"Bersacula Wolker B Correia","ATIVO",NULL,"Engenheiro de Controle e AutomaÃ§Ã£o","Presencial","Engenharias","Semestral","Matutino e Vespertino","Um ciclo","BRASÃLIA","DARCY RIBEIRO",429,"FACULDADE DE  TECNOLOGIA","","2016-08-05","85124","2016-07-18","317",NULL
414862,"ENGENHARIA QUÃMICA",628,"ALEXANDRE PEREZ UMPIERRE","ATIVO",NULL,"Bacharel","Presencial","Engenharias","Semestral","Matutino e Vespertino","Um ciclo","BRASÃLIA","DARCY RIBEIRO",610,"INSTITUTO DE QUÃMICA","","2012-03-05","1192414","2007-12-13","40",NULL
414620,"ESTATÃSTICA",7457,"JHAMES MATOS SAMPAIO","ATIVO",NULL,"Bacharel","Presencial","CiÃªncias Exatas e da Terra","Semestral","Matutino e Vespertino","Um ciclo","BRASÃLIA","DARCY RIBEIRO",514,"DEPTO ESTATÃSTICA","","2019-03-06","119","2011-10-14","077543",NULL
414906,"FARMÃCIA",12201,"Aleticia Hosannam Tatsuta Donatelli Sa Citadin","ATIVO",NULL,"Bacharel","Presencial","CiÃªncias da SaÃºde","Semestral","Matutino e Vespertino","Um ciclo","BRASÃLIA","FACULDADE DE CEILÃ‚NDIA",672,"FACULDADE DE CEILÃ‚NDIA","","2016-08-05","112794","2007-12-13","40",NULL
414286,"FARMÃCIA",706,"Sanotos Pieta Zeneratti","ATIVO",NULL,"Bacharel","Presencial","CiÃªncias da SaÃºde","Semestral","Matutino e Vespertino","Um ciclo","BRASÃLIA","DARCY RIBEIRO",410,"FACULDADE DE  CIÃŠNCIAS DA SAÃšDE","","2015-03-02","18030","2015-01-02","822",NULL
414287,"FARMÃCIA",19176,"Sgarbossa Botacini Honotorio","ATIVO",NULL,"Bacharel","Presencial","CiÃªncias da SaÃºde","Semestral","Noturno","Um ciclo","BRASÃLIA","DARCY RIBEIRO",410,"FACULDADE DE  CIÃŠNCIAS DA SAÃšDE","","2015-03-02","1140088","2015-01-02","822",NULL
414714,"FILOSOFIA",10652,"MARCIO GIMENES DE PAULA","ATIVO",NULL,"Licenciado","Presencial","CiÃªncias Humanas","Semestral","Matutino e Vespertino","Um ciclo","BRASÃLIA","DARCY RIBEIRO",552,"DEPTO FILOSOFIA","","2013-08-12","44362","2012-12-27","071346",NULL
414715,"FILOSOFIA",19204,"FABIO MASCARENHAS NOLASCO","ATIVO",NULL,"Licenciado","Presencial","CiÃªncias Humanas","Semestral","Noturno","Um ciclo","BRASÃLIA","DARCY RIBEIRO",552,"DEPTO FILOSOFIA","","2015-12-14","1138346","2015-12-30","1096",NULL
414713,"FILOSOFIA",16731,"WANDERSON FLOR DO NASCIMENTO","ATIVO",NULL,"Bacharel","Presencial","CiÃªncias Humanas","Semestral","Matutino e Vespertino","Um ciclo","BRASÃLIA","DARCY RIBEIRO",552,"DEPTO FILOSOFIA","","2017-07-24","27858","2017-08-07","847",NULL
414663,"FÃSICA",12467,"Iasminy Diogenis Dorval Dilkin","ATIVO",NULL,"Bacharel","Presencial","CiÃªncias Exatas e da Terra","Semestral","Matutino e Vespertino","Um ciclo","BRASÃLIA","DARCY RIBEIRO",524,"INSTITUTO DE FÃSICA","","2014-08-04","26030","1973-03-13","071891",NULL
414657,"FÃSICA",19554,"KHALIL OLIVEIRA PORTUGAL","ATIVO",NULL,"Licenciado","Presencial","CiÃªncias Exatas e da Terra","Semestral","Noturno","Um ciclo","BRASÃLIA","DARCY RIBEIRO",524,"INSTITUTO DE FÃSICA","","2018-07-18","158","2016-12-15","1147",NULL
414664,"FÃSICA",17889,"Lider Li","ATIVO",NULL,"Licenciado","A DistÃ¢ncia","CiÃªncias Exatas e da Terra","Semestral","Matutino e Vespertino","Um ciclo","BRASÃLIA","DARCY RIBEIRO",524,"INSTITUTO DE FÃSICA","","2017-07-24","1434981","1973-03-13","71891",NULL
414662,"FÃSICA COMPUTACIONAL",NULL,NULL,"INATIVO",NULL,"Bacharel","Presencial","CiÃªncias Exatas e da Terra","Semestral","Matutino e Vespertino","Um ciclo","BRASÃLIA","DARCY RIBEIRO",524,"INSTITUTO DE FÃSICA","","2005-03-01","44364","1973-03-13","71891",NULL
414908,"FISIOTERAPIA",755,"Kacia SpadÃ£o Uberlandia","ATIVO",NULL,"Bacharel","Presencial","CiÃªncias da SaÃºde","Semestral","Matutino e Vespertino","Um ciclo","BRASÃLIA","FACULDADE DE CEILÃ‚NDIA",672,"FACULDADE DE CEILÃ‚NDIA","","2015-03-02","112796","2015-01-02","822",NULL
414909,"FONOAUDIOLOGIA",4387,"OdÃ¡quio Andrzez Stefanelli","ATIVO",NULL,"Bacharel","Presencial","CiÃªncias da SaÃºde","Semestral","Matutino e Vespertino","Um ciclo","BRASÃLIA","FACULDADE DE CEILÃ‚NDIA",672,"FACULDADE DE CEILÃ‚NDIA","","2012-10-22","1192419","2007-12-13","40",NULL
414669,"GEOFÃSICA",4496,"ELDER YOKOYAMA","ATIVO",NULL,"Bacharel","Presencial","CiÃªncias Exatas e da Terra","Semestral","Matutino e Vespertino","Um ciclo","BRASÃLIA","DARCY RIBEIRO",533,"INSTITUTO DE GEOCIÃŠNCIAS","","2018-07-18","122208","2014-07-24","403",NULL
414731,"GEOGRAFIA",13679,"RAFAEL RODRIGUES DA FRANCA","ATIVO",NULL,"Licenciado","Presencial","CiÃªncias Humanas","Semestral","Matutino e Vespertino","Um ciclo","BRASÃLIA","DARCY RIBEIRO",555,"DEPTO GEOGRAFIA","","2017-07-24","44366","2017-08-15","916",NULL
414687,"GEOGRAFIA",14930,"Petrarca Greice Coim","ATIVO",NULL,"Licenciado","A DistÃ¢ncia","CiÃªncias Humanas","Semestral","Matutino e Vespertino","Um ciclo","BRASÃLIA","DARCY RIBEIRO",544,"INSTITUTO DE CIÃŠNCIAS HUMANAS","","2016-08-05","122210","2016-09-23","535",NULL
414730,"GEOGRAFIA",13679,"RAFAEL RODRIGUES DA FRANCA","ATIVO",NULL,"Bacharel","Presencial","CiÃªncias Humanas","Semestral","Matutino e Vespertino","Um ciclo","BRASÃLIA","DARCY RIBEIRO",555,"DEPTO GEOGRAFIA","","2013-12-18","300129","2013-12-27","286",NULL
414677,"GEOLOGIA",14217,"RICARDO LOURENCO PINTO","ATIVO",NULL,"GeÃ³logo","Presencial","CiÃªncias Exatas e da Terra","Semestral","Matutino e Vespertino","Um ciclo","BRASÃLIA","DARCY RIBEIRO",533,"INSTITUTO DE GEOCIÃŠNCIAS","","2016-08-05","116","2012-11-20","263",NULL
414888,"GESTÃƒO AMBIENTAL",5580,"Vanila Verge Gisela Hon Veracilda","ATIVO",NULL,"Bacharel","Presencial","CiÃªncias Sociais Aplicadas","Semestral","Noturno","Um ciclo","BRASÃLIA","FACULDADE DE PLANALTINA",666,"FACULDADE DE PLANALTINA","","2017-07-24","112792","2017-07-28","795",NULL
414198,"GESTÃƒO DE AGRONEGÃ“CIOS",18873,"JAIM JOSE DA SILVA JUNIOR","ATIVO",NULL,"Bacharel","Presencial","CiÃªncias Sociais Aplicadas","Semestral","Noturno","Um ciclo","BRASÃLIA","DARCY RIBEIRO",363,"FACULDADE DE AGRONOMIA E MEDICINA VETERINÃRIA","","2014-08-04","1140048","2014-07-03","365",NULL
414093,"GESTÃƒO DE POLÃTICAS PÃšBLICAS",5374,"Rainalda Sabota","ATIVO",NULL,"Bacharel","Presencial","CiÃªncias Humanas","Semestral","Noturno","Um ciclo","BRASÃLIA","DARCY RIBEIRO",791,"DEPARTAMENTO DE GESTAO DE POLITICAS PUBL","","2019-08-05","122212","2014-07-24","404",NULL
414889,"GESTÃƒO DO AGRONEGÃ“CIO",7834,"JONILTO COSTA SOUSA","ATIVO",NULL,"Bacharel","Presencial","CiÃªncias Exatas e da Terra","Semestral","Matutino e Vespertino","Um ciclo","BRASÃLIA","FACULDADE DE PLANALTINA",666,"FACULDADE DE PLANALTINA","","2006-04-05","92262","2012-05-24","47",NULL
414748,"HISTÃ“RIA",19608,"DANIEL GOMES DE CARVALHO","ATIVO",NULL,"Licenciado","Presencial","CiÃªncias Humanas","Semestral","Noturno","Um ciclo","BRASÃLIA","DARCY RIBEIRO",559,"DEPTO HISTÃ“RIA","","2020-02-19","122214","2013-11-20","604",NULL
414745,"HISTÃ“RIA",19053,"GÃ¡bia D'Almeida Cstro","ATIVO",NULL,"Licenciado","Presencial","CiÃªncias Humanas","Semestral","Matutino e Vespertino","Um ciclo","BRASÃLIA","DARCY RIBEIRO",559,"DEPTO HISTÃ“RIA","","2020-02-19","44369","2017-08-15","917",NULL
702700,"HISTÃ“RIA                                                              ",19053,"GÃ¡bia D'Almeida Cstro","ATIVO",NULL,"Bacharel","Presencial","CiÃªncias Humanas","Semestral","Matutino e Vespertino","Um ciclo","BRASÃLIA","DARCY RIBEIRO",559,"DEPTO HISTÃ“RIA",NULL,"2020-02-19","33205","1972-11-10","917",NULL
414165,"JORNALISMO",3734,"DAVID RENAULT DA SILVA","ATIVO",NULL,"Bacharel","Presencial","CiÃªncias Humanas","Semestral","Matutino e Vespertino","Um ciclo","BRASÃLIA","DARCY RIBEIRO",352,"DEPTO JORNALISMO","","2016-08-05","34642","2013-12-19","706",NULL
414779,"LETRAS - LÃNGUA E LITERATURA JAPONESA",5255,"FAUSTO PINHEIRO PEREIRA","ATIVO",NULL,"Licenciado","Presencial","LingÃ¼Ã­stica, Letras e Artes","Semestral","Noturno","Um ciclo","BRASÃLIA","DARCY RIBEIRO",574,"DEPTO LÃNGUAS ESTRANGEIRAS E TRADUÃ‡ÃƒO","","2005-03-01","20551","1972-09-26","071156",NULL
414782,"LETRAS - LÃNGUA ESPANHOLA E LITERATURA ESPANHOLA E HISPANO-AMERICANA",17862,"Togni Altman","ATIVO",NULL,"Licenciado","Presencial","LingÃ¼Ã­stica, Letras e Artes","Semestral","Noturno","Um ciclo","BRASÃLIA","DARCY RIBEIRO",574,"DEPTO LÃNGUAS ESTRANGEIRAS E TRADUÃ‡ÃƒO","","2005-03-01","166","1972-09-26","071156",NULL
414795,"LETRAS - LÃNGUA FRANCESA E RESPECTIVA LITERATURA",18861,"DANIEL TEIXEIRA DA COSTA ARAUJO","ATIVO",NULL,"Bacharel","Presencial","LingÃ¼Ã­stica, Letras e Artes","Semestral","Matutino e Vespertino","Um ciclo","BRASÃLIA","DARCY RIBEIRO",574,"DEPTO LÃNGUAS ESTRANGEIRAS E TRADUÃ‡ÃƒO","","2016-08-05","26039","2016-07-04","281",NULL
414796,"LETRAS - LÃNGUA FRANCESA E RESPECTIVA LITERATURA",8447,"Hakme de Aversi Vetoretti","ATIVO",NULL,"Licenciado","Presencial","LingÃ¼Ã­stica, Letras e Artes","Semestral","Matutino e Vespertino","Um ciclo","BRASÃLIA","DARCY RIBEIRO",574,"DEPTO LÃNGUAS ESTRANGEIRAS E TRADUÃ‡ÃƒO","","2016-08-05","31378","2016-07-04","278",NULL
702701,"LETRAS - LÃNGUA INGLESA E RESPECTIVA LITERATURA",17934,"Brunken Nisihara Mitiharu Aguirres Toloy","ATIVO",NULL,"Licenciado","Presencial","Outra","Semestral","Matutino e Vespertino","Um ciclo","BRASÃLIA","DARCY RIBEIRO",574,"DEPTO LÃNGUAS ESTRANGEIRAS E TRADUÃ‡ÃƒO",NULL,"2020-02-19","29693","2016-07-04","280",NULL
414809,"LETRAS - LÃNGUA INGLESA E RESPECTIVA LITERATURA",16809,"WILIAM ALVES BISERRA","ATIVO",NULL,"Bacharel","Presencial","Outra","Semestral","Matutino e Vespertino","Um ciclo","BRASÃLIA","DARCY RIBEIRO",574,"DEPTO LÃNGUAS ESTRANGEIRAS E TRADUÃ‡ÃƒO","","2016-08-05","29694","2016-07-04","279",NULL
414843,"LETRAS - LÃNGUA PORTUGUESA E RESPECTIVA LITERATURA",5211,"Annyssande Fritoli Catore Nebalina Flores","ATIVO",NULL,"Bacharel","Presencial","LingÃ¼Ã­stica, Letras e Artes","Semestral","Matutino e Vespertino","Um ciclo","BRASÃLIA","DARCY RIBEIRO",578,"DEPTO LINGUISTICA, PORT. LING. CLASSICAS","","2016-08-05","31376","1972-09-26","071156",NULL
414772,"LETRAS - LÃNGUA PORTUGUESA E RESPECTIVA LITERATURA",6173,"GILSON CHARLES DOS SANTOS","ATIVO",NULL,"Licenciado","A DistÃ¢ncia","LingÃ¼Ã­stica, Letras e Artes","Semestral","Matutino e Vespertino","Um ciclo","BRASÃLIA","DARCY RIBEIRO",567,"INSTITUTO DE LETRAS","","2016-08-05","112162","2016-09-23","535",NULL
414844,"LETRAS - LÃNGUA PORTUGUESA E RESPECTIVA LITERATURA",13281,"PAULO MEDEIROS JUNIOR","ATIVO",NULL,"Licenciado","Presencial","LingÃ¼Ã­stica, Letras e Artes","Semestral","Matutino e Vespertino","Um ciclo","BRASÃLIA","DARCY RIBEIRO",578,"DEPTO LINGUISTICA, PORT. LING. CLASSICAS","","2010-09-17","34644","2010-12-09","2235",NULL
414845,"LETRAS - LÃNGUA PORTUGUESA E RESPECTIVA LITERATURA",7301,"Edinelde Krusser","ATIVO",NULL,"Licenciado","Presencial","LingÃ¼Ã­stica, Letras e Artes","Semestral","Noturno","Um ciclo","BRASÃLIA","DARCY RIBEIRO",578,"DEPTO LINGUISTICA, PORT. LING. CLASSICAS","","2016-08-05","162","2016-07-04","278",NULL
414848,"LETRAS - PORTUGUÃŠS DO BRASIL COMO SEGUNDA LÃNGUA",14502,"RODRIGO ALBUQUERQUE PEREIRA","ATIVO",NULL,"Licenciado","Presencial","LingÃ¼Ã­stica, Letras e Artes","Semestral","Matutino e Vespertino","Um ciclo","BRASÃLIA","DARCY RIBEIRO",578,"DEPTO LINGUISTICA, PORT. LING. CLASSICAS","","2015-03-02","44377","2016-09-12","466",NULL
414775,"LETRAS - TRADUÃ‡ÃƒO - ESPANHOL",347,"Euflazia Hartinger Lomba","ATIVO",NULL,"Bacharel","Presencial","LingÃ¼Ã­stica, Letras e Artes","Semestral","Noturno","Um ciclo","BRASÃLIA","DARCY RIBEIRO",567,"INSTITUTO DE LETRAS","","2016-08-05","1314245","2016-07-11","300",NULL
414813,"LETRAS - TRADUÃ‡ÃƒO - FRANCÃŠS",17539,"JEAN CLAUDE LUCIEN MIROIR","ATIVO",NULL,"Bacharel","Presencial","LingÃ¼Ã­stica, Letras e Artes","Semestral","Matutino e Vespertino","Um ciclo","BRASÃLIA","DARCY RIBEIRO",574,"DEPTO LÃNGUAS ESTRANGEIRAS E TRADUÃ‡ÃƒO","","2005-03-01","33206","2012-12-27","286",NULL
414822,"LETRAS - TRADUÃ‡ÃƒO - INGLÃŠS",2666,"Janisch Lando Andara","ATIVO",NULL,"Bacharel","Presencial","LingÃ¼Ã­stica, Letras e Artes","Semestral","Matutino e Vespertino","Um ciclo","BRASÃLIA","DARCY RIBEIRO",574,"DEPTO LÃNGUAS ESTRANGEIRAS E TRADUÃ‡ÃƒO","","2005-03-01","31384","1972-09-26","071156",NULL
414849,"LÃNGUA DE SINAIS BRASILEIRA -PORTUGUÃŠS COMO SEGUNDA LÃNGUA",6289,"GLAUCIO DE CASTRO JUNIOR","ATIVO",NULL,"Licenciado","Presencial","LingÃ¼Ã­stica, Letras e Artes","Semestral","Matutino e Vespertino","Um ciclo","BRASÃLIA","DARCY RIBEIRO",578,"DEPTO LINGUISTICA, PORT. LING. CLASSICAS","","2015-03-02","1349598","2007-12-13","40",NULL
414823,"LÃNGUAS ESTRANGEIRAS APLICADAS - MSI",10780,"MARCOS DE CAMPOS CARNEIRO","ATIVO",NULL,"Bacharel","Presencial","LingÃ¼Ã­stica, Letras e Artes","Semestral","Matutino e Vespertino","Um ciclo","BRASÃLIA","DARCY RIBEIRO",574,"DEPTO LÃNGUAS ESTRANGEIRAS E TRADUÃ‡ÃƒO","","2010-02-28","1140050","2016-07-11","300",NULL
414638,"MATEMÃTICA",7462,"JIAZHENG ZHOU","ATIVO",NULL,"Licenciado","Presencial","CiÃªncias Exatas e da Terra","Semestral","Matutino e Vespertino","Um ciclo","BRASÃLIA","DARCY RIBEIRO",518,"DEPARTAMENTO DE MATEMÃTICA","","2017-07-24","44372","2017-08-07","847",NULL
414640,"MATEMÃTICA",13257,"PAULO HENRIQUE PEREIRA DA COSTA","ATIVO",NULL,"Licenciado","Presencial","CiÃªncias Exatas e da Terra","Semestral","Noturno","Um ciclo","BRASÃLIA","DARCY RIBEIRO",518,"DEPARTAMENTO DE MATEMÃTICA","","2014-03-03","161","2015-12-30","1096",NULL
414639,"MATEMÃTICA",9469,"LINEU DA COSTA ARAUJO NETO","ATIVO",NULL,"Bacharel","Presencial","CiÃªncias Exatas e da Terra","Semestral","Matutino e Vespertino","Um ciclo","BRASÃLIA","DARCY RIBEIRO",518,"DEPARTAMENTO DE MATEMÃTICA","","2015-12-14","22122","2015-12-30","1096",NULL
414280,"MEDICINA",15183,"Tracie Viveiro Honores","ATIVO",NULL,"MÃ©dico","Presencial","CiÃªncias da SaÃºde","Semestral","Matutino e Vespertino","Um ciclo","BRASÃLIA","DARCY RIBEIRO",402,"FACULDADE DE MEDICINA","","2016-03-02","140","2017-09-27","1014",NULL
414202,"MEDICINA VETERINÃRIA",6191,"Poleza Erdens de Araujog","ATIVO",NULL,"MÃ©dico VeterinÃ¡rio","Presencial","CiÃªncias AgrÃ¡rias","Semestral","Matutino e Vespertino","Um ciclo","BRASÃLIA","DARCY RIBEIRO",363,"FACULDADE DE AGRONOMIA E MEDICINA VETERINÃRIA","","2012-10-22","18031","2015-01-02","822",NULL
702704,"MUSEOLOGIA                                                            ",4685,"Terezam Cavarzan Arrobas Cabaniuk","ATIVO",NULL,"Bacharel","Presencial","Outra","Semestral","Matutino e Vespertino","Um ciclo","BRASÃLIA","DARCY RIBEIRO",674,"FACULDADE DE CIÃŠNCIA DA INFORMAÃ‡ÃƒO",NULL,"2020-02-19","122218","2013-09-03","428",NULL
414430,"MÃšSICA",18711,"Eladir Galacini Cayetano Sorinho","ATIVO",NULL,"Licenciado","A DistÃ¢ncia","Outra","Semestral","Matutino e Vespertino","Um ciclo","BRASÃLIA","DARCY RIBEIRO",485,"INSTITUTO DE ARTES","","2013-08-12","112164","1980-06-10","371",NULL
702698,"MÃšSICA",6226,"Cotts Pellegrino Eoripedes Vilagra Sapata","INATIVO",NULL,"Bacharel","Presencial","LingÃ¼Ã­stica, Letras e Artes","Semestral","Matutino e Vespertino","Um ciclo","BRASÃLIA","DARCY RIBEIRO",495,"DEPTO MÃšSICA","","2006-08-21","33209","1976-03-30","077345",NULL
414459,"MÃšSICA",11036,"Colpo Mikoski Bezzon","ATIVO",NULL,"Licenciado","Presencial","LingÃ¼Ã­stica, Letras e Artes","Semestral","Matutino e Vespertino","Um ciclo","BRASÃLIA","DARCY RIBEIRO",495,"DEPTO MÃšSICA","","2013-08-12","133","2017-08-15","916",NULL
414460,"MÃšSICA",11036,"Colpo Mikoski Bezzon","ATIVO",NULL,"Licenciado","Presencial","LingÃ¼Ã­stica, Letras e Artes","Semestral","Noturno","Um ciclo","BRASÃLIA","DARCY RIBEIRO",495,"DEPTO MÃšSICA","","2009-08-03","122220","1980-06-10","371",NULL
414465,"MÃšSICA - CANTO",6226,"Cotts Pellegrino Eoripedes Vilagra Sapata","ATIVO",NULL,"Bacharel","Presencial","LingÃ¼Ã­stica, Letras e Artes","Semestral","Matutino e Vespertino","Um ciclo","BRASÃLIA","DARCY RIBEIRO",495,"DEPTO MÃšSICA","","2006-08-21","26035","2013-07-25","330",NULL
414469,"MÃšSICA - CLARINETA",6226,"Cotts Pellegrino Eoripedes Vilagra Sapata","ATIVO",NULL,"Bacharel","Presencial","LingÃ¼Ã­stica, Letras e Artes","Semestral","Matutino e Vespertino","Um ciclo","BRASÃLIA","DARCY RIBEIRO",495,"DEPTO MÃšSICA","","1997-07-28","26035","2013-07-25","330",NULL
414473,"MÃšSICA - COMPOSIÃ‡ÃƒO",6226,"Cotts Pellegrino Eoripedes Vilagra Sapata","ATIVO",NULL,"Bacharel","Presencial","LingÃ¼Ã­stica, Letras e Artes","Semestral","Matutino e Vespertino","Um ciclo","BRASÃLIA","DARCY RIBEIRO",495,"DEPTO MÃšSICA","","2013-08-12","26040","2013-07-25","329",NULL
414479,"MÃšSICA - CONTRABAIXO",6226,"Cotts Pellegrino Eoripedes Vilagra Sapata","ATIVO",NULL,"Bacharel","Presencial","LingÃ¼Ã­stica, Letras e Artes","Semestral","Matutino e Vespertino","Um ciclo","BRASÃLIA","DARCY RIBEIRO",495,"DEPTO MÃšSICA","","2013-08-12","26035","2013-07-25","330",NULL
414484,"MÃšSICA - FAGOTE",6226,"Cotts Pellegrino Eoripedes Vilagra Sapata","ATIVO",NULL,"Bacharel","Presencial","LingÃ¼Ã­stica, Letras e Artes","Semestral","Matutino e Vespertino","Um ciclo","BRASÃLIA","DARCY RIBEIRO",495,"DEPTO MÃšSICA",NULL,"2013-08-12","26035","2013-07-25","330",NULL
414489,"MÃšSICA - FLAUTA",6226,"Cotts Pellegrino Eoripedes Vilagra Sapata","ATIVO",NULL,"Bacharel","Presencial","LingÃ¼Ã­stica, Letras e Artes","Semestral","Matutino e Vespertino","Um ciclo","BRASÃLIA","DARCY RIBEIRO",495,"DEPTO MÃšSICA","","2013-08-12","26035","2013-07-25","330",NULL
414495,"MÃšSICA - OBOÃ‰",6226,"Cotts Pellegrino Eoripedes Vilagra Sapata","ATIVO",NULL,"Bacharel","Presencial","LingÃ¼Ã­stica, Letras e Artes","Semestral","Matutino e Vespertino","Um ciclo","BRASÃLIA","DARCY RIBEIRO",495,"DEPTO MÃšSICA","","2013-08-12","26035","2013-07-25","330",NULL
414500,"MÃšSICA - PIANO",6226,"Cotts Pellegrino Eoripedes Vilagra Sapata","ATIVO",NULL,"Bacharel","Presencial","LingÃ¼Ã­stica, Letras e Artes","Semestral","Matutino e Vespertino","Um ciclo","BRASÃLIA","DARCY RIBEIRO",495,"DEPTO MÃšSICA","","2013-08-12","26035","2013-07-25","330",NULL
414504,"MÃšSICA - REGÃŠNCIA",6226,"Cotts Pellegrino Eoripedes Vilagra Sapata","ATIVO",NULL,"Bacharel","Presencial","LingÃ¼Ã­stica, Letras e Artes","Semestral","Matutino e Vespertino","Um ciclo","BRASÃLIA","DARCY RIBEIRO",495,"DEPTO MÃšSICA","","2017-07-24","33209","2017-07-24","764",NULL
414509,"MÃšSICA - SAXOFONE",6226,"Cotts Pellegrino Eoripedes Vilagra Sapata","ATIVO",NULL,"Bacharel","Presencial","LingÃ¼Ã­stica, Letras e Artes","Semestral","Matutino e Vespertino","Um ciclo","BRASÃLIA","DARCY RIBEIRO",495,"DEPTO MÃšSICA","","2013-08-12","26035","2013-07-25","330",NULL
414513,"MÃšSICA - TROMBONE",6226,"Cotts Pellegrino Eoripedes Vilagra Sapata","ATIVO",NULL,"Bacharel","Presencial","LingÃ¼Ã­stica, Letras e Artes","Semestral","Matutino e Vespertino","Um ciclo","BRASÃLIA","DARCY RIBEIRO",495,"DEPTO MÃšSICA","","2013-08-12","26035","2013-07-25","330",NULL
1841275,"MÃšSICA - TROMPA",6226,"Cotts Pellegrino Eoripedes Vilagra Sapata","ATIVO",NULL,"Bacharel","Presencial","LingÃ¼Ã­stica, Letras e Artes","Semestral","Matutino e Vespertino","Um ciclo","BRASÃLIA","DARCY RIBEIRO",495,"DEPTO MÃšSICA",NULL,"2013-07-25","26035","2013-07-25","330",NULL
414523,"MÃšSICA - TROMPETE",6226,"Cotts Pellegrino Eoripedes Vilagra Sapata","ATIVO",NULL,"Bacharel","Presencial","LingÃ¼Ã­stica, Letras e Artes","Semestral","Matutino e Vespertino","Um ciclo","BRASÃLIA","DARCY RIBEIRO",495,"DEPTO MÃšSICA","","2013-08-12","26035","2013-07-25","330",NULL
414528,"MÃšSICA - VIOLA",6226,"Cotts Pellegrino Eoripedes Vilagra Sapata","ATIVO",NULL,"Bacharel","Presencial","LingÃ¼Ã­stica, Letras e Artes","Semestral","Matutino e Vespertino","Um ciclo","BRASÃLIA","DARCY RIBEIRO",495,"DEPTO MÃšSICA","","2013-08-12","26035","2013-07-25","330",NULL
414533,"MÃšSICA - VIOLÃƒO",6226,"Cotts Pellegrino Eoripedes Vilagra Sapata","ATIVO",NULL,"Bacharel","Presencial","LingÃ¼Ã­stica, Letras e Artes","Semestral","Matutino e Vespertino","Um ciclo","BRASÃLIA","DARCY RIBEIRO",495,"DEPTO MÃšSICA","","2013-08-12","26035","2013-07-25","330",NULL
414538,"MÃšSICA - VIOLINO",6226,"Cotts Pellegrino Eoripedes Vilagra Sapata","ATIVO",NULL,"Bacharel","Presencial","LingÃ¼Ã­stica, Letras e Artes","Semestral","Matutino e Vespertino","Um ciclo","BRASÃLIA","DARCY RIBEIRO",495,"DEPTO MÃšSICA","","2013-08-12","26035","2013-07-25","330",NULL
414543,"MÃšSICA - VIOLONCELO",6226,"Cotts Pellegrino Eoripedes Vilagra Sapata","ATIVO",NULL,"Bacharel","Presencial","LingÃ¼Ã­stica, Letras e Artes","Semestral","Matutino e Vespertino","Um ciclo","BRASÃLIA","DARCY RIBEIRO",495,"DEPTO MÃšSICA","","2013-08-12","26035","2013-07-25","330",NULL
414314,"NUTRIÃ‡ÃƒO",11546,"Migri Ho Lantis","ATIVO",NULL,"Nutricionista","Presencial","CiÃªncias da SaÃºde","Semestral","Matutino e Vespertino","Um ciclo","BRASÃLIA","DARCY RIBEIRO",424,"DEPTO NUTRICAO","","2019-03-06","144","2012-01-09","01",NULL
414321,"ODONTOLOGIA",16997,"AmÃ³z Diotaiuti Simomukay Subhi","ATIVO",NULL,"CirurgiÃ£o Dentista","Presencial","CiÃªncias da SaÃºde","Semestral","Matutino e Vespertino","Um ciclo","BRASÃLIA","DARCY RIBEIRO",427,"DEPTO ODONTOLOGIA","","2010-02-28","141","1985-03-13","000176",NULL
414229,"PEDAGOGIA",3647,"Leazir MÃ©szatti Farnezi Monthay","ATIVO",NULL,"Licenciado","Presencial","CiÃªncias Humanas","Semestral","Matutino e Vespertino","Um ciclo","BRASÃLIA","DARCY RIBEIRO",381,"FACULDADE DE EDUCAÃ‡ÃƒO","","2019-03-06","150","2016-12-15","795",NULL
414230,"PEDAGOGIA",4186,"Masae Betette Lilma","ATIVO",NULL,"Licenciado","Presencial","CiÃªncias Humanas","Semestral","Noturno","Um ciclo","BRASÃLIA","DARCY RIBEIRO",381,"FACULDADE DE EDUCAÃ‡ÃƒO","","2019-03-06","163","2016-12-15","795",NULL
414231,"PEDAGOGIA",19436,"Shuatz Rominho dos MartÃ­rios","ATIVO",NULL,"Licenciado","A DistÃ¢ncia","CiÃªncias Humanas","Semestral","Matutino e Vespertino","Um ciclo","BRASÃLIA","DARCY RIBEIRO",381,"FACULDADE DE EDUCAÃ‡ÃƒO","","2013-08-12","112170","2013-05-22","227",NULL
414961,"PSICOLOGIA",7009,"Nazarov Periera Badiali Trondoli Barja","ATIVO",NULL,"Licenciado","Presencial","CiÃªncias Humanas","Semestral","Matutino e Vespertino","Um ciclo","BRASÃLIA","DARCY RIBEIRO",583,"INSTITUTO DE PSICOLOGIA",NULL,"2017-07-24","44376","2017-08-15","916",NULL
414962,"PSICOLOGIA",7009,"Nazarov Periera Badiali Trondoli Barja","ATIVO",NULL,"PsicÃ³logo","Presencial","CiÃªncias Humanas","Semestral","Matutino e Vespertino","Um ciclo","BRASÃLIA","DARCY RIBEIRO",583,"INSTITUTO DE PSICOLOGIA",NULL,"2017-02-17","26033","2017-04-04","271",NULL
414960,"PSICOLOGIA",7009,"Nazarov Periera Badiali Trondoli Barja","ATIVO",NULL,"Bacharel","Presencial","CiÃªncias Humanas","Semestral","Matutino e Vespertino","Um ciclo","BRASÃLIA","DARCY RIBEIRO",583,"INSTITUTO DE PSICOLOGIA",NULL,"2017-02-17","22844","2017-04-04","271",NULL
414871,"QUÃMICA",5038,"SirlÃªnia Timpurim Se Dias Francalacci","ATIVO",NULL,"Licenciado","Presencial","CiÃªncias Exatas e da Terra","Semestral","Noturno","Um ciclo","BRASÃLIA","DARCY RIBEIRO",610,"INSTITUTO DE QUÃMICA","","2014-03-03","159","2015-12-30","1096",NULL
414870,"QUÃMICA",10401,"Waldevino Olayinka Bolandini","ATIVO",NULL,"Bacharel","Presencial","CiÃªncias Exatas e da Terra","Semestral","Matutino e Vespertino","Um ciclo","BRASÃLIA","DARCY RIBEIRO",610,"INSTITUTO DE QUÃMICA","","2016-08-05","300118","2016-07-18","317",NULL
414873,"QUÃMICA TECNOLÃ“GICA",6109,"Uilmar de Freitad Golfieri","ATIVO",NULL,"Bacharel","Presencial","CiÃªncias Exatas e da Terra","Semestral","Matutino e Vespertino","Um ciclo","BRASÃLIA","DARCY RIBEIRO",610,"INSTITUTO DE QUÃMICA","","2015-03-02","1140082","2015-04-16","297",NULL
414899,"RELAÃ‡Ã•ES INTERNACIONAIS",1763,"ANTONIO JORGE RAMALHO DA ROCHA","ATIVO",NULL,"Bacharel","Presencial","CiÃªncias Humanas","Semestral","Matutino e Vespertino","Um ciclo","BRASÃLIA","DARCY RIBEIRO",669,"INSTITUTO DE RELAÃ‡Ã•ES INTERNACIONAIS","","2017-07-24","128","1977-10-11","080532",NULL
414291,"SAÃšDE COLETIVA",3873,"Casturina Painim","ATIVO",NULL,"Bacharel","Presencial","CiÃªncias da SaÃºde","Semestral","Noturno","Um ciclo","BRASÃLIA","DARCY RIBEIRO",420,"DEPTO SAUDE COLETIVA","","2010-02-28","1140091","2016-03-28","63",NULL
414912,"SAÃšDE COLETIVA",10813,"MARCOS TAKASHI OBARA","ATIVO",NULL,"Bacharel","Presencial","CiÃªncias da SaÃºde","Semestral","Matutino e Vespertino","Um ciclo","BRASÃLIA","FACULDADE DE CEILÃ‚NDIA",672,"FACULDADE DE CEILÃ‚NDIA","","2018-12-26","112804","2016-03-28","63",NULL
414764,"SERVIÃ‡O SOCIAL",19594,"Kolberg Seccato Idelsohn Calonico","ATIVO",NULL,"Bacharel","Presencial","CiÃªncias Sociais Aplicadas","Semestral","Matutino e Vespertino","Um ciclo","BRASÃLIA","DARCY RIBEIRO",563,"DEPTO SERVIÃ‡O SOCIAL","","2014-03-03","126","2015-01-02","822",NULL
414765,"SERVIÃ‡O SOCIAL",30746,"Hicles Grigore GrÃ©siano Catellane Spigolon","ATIVO",NULL,"Bacharel","Presencial","CiÃªncias Sociais Aplicadas","Semestral","Noturno","Um ciclo","BRASÃLIA","DARCY RIBEIRO",563,"DEPTO SERVIÃ‡O SOCIAL","","2017-07-24","1138344","2017-05-02","383",NULL
694213,"TEATRO                                                                ",17774,"Arlete de Masseno Cobello","ATIVO",NULL,"Licenciado","A DistÃ¢ncia","Outra","Semestral","Matutino e Vespertino","Um ciclo","BRASÃLIA","DARCY RIBEIRO",485,"INSTITUTO DE ARTES",NULL,"2014-03-03","112166","2013-05-23","227",NULL
414435,"TEORIA, CRÃTICA E HISTÃ“RIA DA ARTE",11214,"Paceliuka Borgese","ATIVO",NULL,"Bacharel","Presencial","LingÃ¼Ã­stica, Letras e Artes","Semestral","Noturno","Um ciclo","BRASÃLIA","DARCY RIBEIRO",498,"DEPTO ARTES VISUAIS","","2016-12-19","1192415","2007-12-13","40",NULL
414914,"TERAPIA OCUPACIONAL",13650,"Joelcilane Abdel","ATIVO",NULL,"Bacharel","Presencial","CiÃªncias da SaÃºde","Semestral","Matutino e Vespertino","Um ciclo","BRASÃLIA","FACULDADE DE CEILÃ‚NDIA",672,"FACULDADE DE CEILÃ‚NDIA","","2015-07-29","112816","2015-04-16","298",NULL
414088,"TURISMO",1188,"Celanir Espadas Campiol","ATIVO",NULL,"Bacharel","Presencial","CiÃªncias Humanas","Semestral","Matutino e Vespertino","Um ciclo","BRASÃLIA","DARCY RIBEIRO",314,"CENTRO DE EXCELÃŠNCIA EM TURISMO","","2017-07-24","1138345","2017-04-04","271",NULL